,sentence_len,word_variety,word_len,compound,pos,neu,neg
F,30.11197732060554,58.58518758639596,235.59219502264932,111.25490664462055,384.5269930594424,445.7830917130847,91.9654988311858
p,8.826444150099864e-14,4.411561948132275e-26,5.378051321093761e-103,9.95398531834812e-49,4.9106178709480565e-164,2.1575326640632052e-189,1.8867820799697357e-40
